,abundance,Frequency,phyla
s__Subdoligranulum_unclassified,0.035125467,0.998268398,Firmicutes
s__Ruminococcus_torques,0.017514775,0.997402597,Firmicutes
s__Faecalibacterium_prausnitzii,0.061050766,0.992207792,Firmicutes
s__Ruminococcus_obeum,0.009346495,0.983549784,Firmicutes
s__Eubacterium_rectale,0.078175736,0.974025974,Firmicutes
s__Oscillibacter_unclassified,0.002128041,0.959307359,Firmicutes
s__Bacteroides_uniformis,0.039633855,0.943722944,Bacteroidetes
s__Dorea_formicigenerans,0.006157529,0.929004329,Firmicutes
s__Bacteroides_ovatus,0.01972764,0.924675325,Bacteroidetes
s__Eubacterium_hallii,0.014240428,0.923809524,Firmicutes
s__Dorea_longicatena,0.013675195,0.92034632,Firmicutes
s__Bacteroides_vulgatus,0.026773328,0.919480519,Bacteroidetes
s__Coprococcus_comes,0.010152596,0.903896104,Firmicutes
s__Lachnospiraceae_bacterium_7_1_58FAA,0.000632143,0.902164502,Firmicutes
s__Roseburia_inulinivorans,0.008078494,0.8995671,Firmicutes
s__Roseburia_hominis,0.004118207,0.898701299,Firmicutes
s__Lachnospiraceae_bacterium_5_1_63FAA,0.00173747,0.894372294,Firmicutes
s__Bifidobacterium_longum,0.024931939,0.869264069,Actinobacteria
s__Collinsella_aerofaciens,0.01604008,0.863203463,Actinobacteria
s__Anaerostipes_hadrus,0.001312028,0.852813853,Firmicutes
s__Clostridium_leptum,0.001211872,0.848484848,Firmicutes
s__Streptococcus_salivarius,0.003362393,0.847619048,Firmicutes
s__Alistipes_putredinis,0.032046455,0.844155844,Bacteroidetes
s__Ruminococcus_bromii,0.044585827,0.83982684,Firmicutes
s__Coprococcus_catus,0.002804013,0.835497835,Firmicutes
s__Alistipes_shahii,0.008016545,0.832900433,Bacteroidetes
s__Bilophila_unclassified,0.001083345,0.832900433,Proteobacteria
s__Alistipes_onderdonkii,0.00897078,0.831168831,Bacteroidetes
s__Eubacterium_eligens,0.010861461,0.827705628,Firmicutes
s__Eubacterium_ramulus,0.002462745,0.823376623,Firmicutes
s__Bacteroides_dorei,0.016453732,0.817316017,Bacteroidetes
s__Lachnospiraceae_bacterium_3_1_46FAA,0.00195924,0.815584416,Firmicutes
s__Bacteroides_thetaiotaomicron,0.006763943,0.799134199,Bacteroidetes
s__Bifidobacterium_adolescentis,0.041352882,0.794805195,Actinobacteria
s__Alistipes_finegoldii,0.003293609,0.79047619,Bacteroidetes
s__Eubacterium_ventriosum,0.003285061,0.780952381,Firmicutes
s__Barnesiella_intestinihominis,0.014451802,0.777489177,Bacteroidetes
s__Ruminococcus_sp_5_1_39BFAA,0.026240561,0.771428571,Firmicutes
s__Bacteroidales_bacterium_ph8,0.004598999,0.767965368,Bacteroidetes
s__Roseburia_intestinalis,0.010876118,0.764502165,Firmicutes
s__Streptococcus_parasanguinis,0.000913898,0.761038961,Firmicutes
s__Bacteroides_xylanisolvens,0.002865774,0.761038961,Bacteroidetes
s__Bacteroides_caccae,0.013694064,0.745454545,Bacteroidetes
s__Adlercreutzia_equolifaciens,0.00079816,0.736796537,Actinobacteria
s__Parabacteroides_distasonis,0.006718024,0.731601732,Bacteroidetes
s__Parabacteroides_merdae,0.013938833,0.72987013,Bacteroidetes
s__Veillonella_unclassified,0.000282701,0.721212121,Firmicutes
s__Eubacterium_siraeum,0.011719909,0.705627706,Firmicutes
s__Alistipes_senegalensis,0.000567723,0.649350649,Bacteroidetes
s__Akkermansia_muciniphila,0.015790107,0.647619048,Verrucomicrobia
s__Bilophila_wadsworthia,0.000236772,0.644155844,Proteobacteria
s__Escherichia_coli,0.005136213,0.633766234,Proteobacteria
s__Odoribacter_splanchnicus,0.006071362,0.632900433,Bacteroidetes
s__Anaerotruncus_unclassified,0.000189326,0.625974026,Firmicutes
s__Clostridium_bartlettii,0.001007919,0.613852814,Firmicutes
s__Holdemania_filiformis,0.000225952,0.596536797,Firmicutes
s__Eggerthella_unclassified,0.000337921,0.582683983,Actinobacteria
s__Streptococcus_thermophilus,0.003911996,0.582683983,Firmicutes
s__Alistipes_indistinctus,0.001104923,0.581818182,Bacteroidetes
s__Ruminococcus_lactaris,0.00511975,0.580952381,Firmicutes
s__Peptostreptococcaceae_noname_unclassified,0.000651471,0.579220779,Firmicutes
s__Bacteroides_stercoris,0.015735265,0.544588745,Bacteroidetes
s__Ruminococcus_gnavus,0.003369375,0.541125541,Firmicutes
s__Flavonifractor_plautii,0.000249308,0.534199134,Firmicutes
s__Bacteroides_cellulosilyticus,0.008930729,0.533333333,Bacteroidetes
s__Veillonella_parvula,0.000318763,0.527272727,Firmicutes
s__Haemophilus_parainfluenzae,0.000968051,0.510822511,Proteobacteria
s__Ruminococcus_callidus,0.002143423,0.506493506,Firmicutes
s__Ruminococcaceae_bacterium_D16,0.000235552,0.502164502,Firmicutes
s__Sutterella_wadsworthensis,0.004941907,0.497835498,Proteobacteria
s__Parasutterella_excrementihominis,0.000445386,0.493506494,Proteobacteria
s__Pseudoflavonifractor_capillosus,8.80E-05,0.493506494,Firmicutes
s__Bacteroides_massiliensis,0.01608295,0.493506494,Bacteroidetes
s__Gordonibacter_pamelaeae,0.000345436,0.489177489,Actinobacteria
s__Bacteroides_fragilis,0.004878412,0.482251082,Bacteroidetes
s__Lachnospiraceae_bacterium_1_1_57FAA,0.002515476,0.468398268,Firmicutes
s__Dialister_invisus,0.02050744,0.465800866,Firmicutes
s__Mitsuokella_unclassified,0.000193629,0.453679654,Firmicutes
s__Burkholderiales_bacterium_1_1_47,0.000570643,0.451082251,Proteobacteria
s__Subdoligranulum_variabile,4.28E-05,0.451082251,Firmicutes
s__Clostridium_bolteae,0.001155399,0.445887446,Firmicutes
s__Ruminococcus_albus,4.20E-05,0.43982684,Firmicutes
s__Coprobacter_fastidiosus,0.000332687,0.438961039,Bacteroidetes
s__Escherichia_unclassified,0.000172855,0.438095238,Proteobacteria
s__Parabacteroides_unclassified,0.003067822,0.434632035,Bacteroidetes
s__Erysipelotrichaceae_bacterium_6_1_45,5.74E-05,0.431168831,Firmicutes
s__Prevotella_copri,0.045473361,0.41991342,Bacteroidetes
s__Paraprevotella_unclassified,0.002232175,0.405194805,Bacteroidetes
s__Bacteroides_faecis,0.002669976,0.391341991,Bacteroidetes
s__Holdemania_unclassified,3.46E-05,0.385281385,Firmicutes
s__Erysipelotrichaceae_bacterium_21_3,0.000101744,0.382683983,Firmicutes
s__Clostridium_hathewayi,0.000369295,0.382683983,Firmicutes
s__Streptococcus_australis,0.000106871,0.368831169,Firmicutes
s__Paraprevotella_clara,0.001588231,0.368831169,Bacteroidetes
s__Lachnospiraceae_bacterium_8_1_57FAA,0.001336951,0.367099567,Firmicutes
s__Eggerthella_lenta,0.000131044,0.367099567,Actinobacteria
s__Paraprevotella_xylaniphila,0.000664365,0.351515152,Bacteroidetes
s__Coprococcus_sp_ART55_1,0.015296016,0.348051948,Firmicutes
s__Bifidobacterium_catenulatum,0.003073908,0.348051948,Actinobacteria
s__Anaerotruncus_colihominis,0.000116787,0.346320346,Firmicutes
s__Clostridium_citroniae,6.74E-05,0.342857143,Firmicutes
s__Desulfovibrio_desulfuricans,0.000159078,0.334199134,Proteobacteria
s__Lachnospiraceae_bacterium_2_1_58FAA,0.000397585,0.333333333,Firmicutes
s__Eubacterium_biforme,0.005417809,0.332467532,Firmicutes
s__Bifidobacterium_bifidum,0.007097365,0.330735931,Actinobacteria
s__Lachnospiraceae_bacterium_3_1_57FAA_CT1,0.000251842,0.321212121,Firmicutes
s__Bacteroides_eggerthii,0.009555266,0.318614719,Bacteroidetes
s__Clostridium_asparagiforme,0.00013386,0.316883117,Firmicutes
s__Veillonella_atypica,9.94E-05,0.313419913,Firmicutes
s__Lactococcus_lactis,0.000415126,0.313419913,Firmicutes
s__Erysipelotrichaceae_bacterium_2_2_44A,5.00E-05,0.30995671,Firmicutes
s__Olsenella_unclassified,1.76E-05,0.301298701,Actinobacteria
s__Bacteroides_finegoldii,0.003455862,0.288311688,Bacteroidetes
s__Bacteroides_clarus,0.000969016,0.283116883,Bacteroidetes
s__Granulicatella_unclassified,8.41E-06,0.283116883,Firmicutes
s__Lachnospiraceae_bacterium_1_4_56FAA,0.000199367,0.274458874,Firmicutes
s__Roseburia_unclassified,0.00074197,0.272727273,Firmicutes
s__Oxalobacter_formigenes,0.000135976,0.270995671,Proteobacteria
s__Bifidobacterium_pseudocatenulatum,0.002460555,0.268398268,Actinobacteria
s__Ruminococcus_flavefaciens,1.92E-05,0.265800866,Firmicutes
s__Veillonella_dispar,4.96E-05,0.260606061,Firmicutes
s__Streptococcus_sanguinis,4.47E-05,0.253679654,Firmicutes
s__Streptococcus_mitis_oralis_pneumoniae,2.48E-05,0.251948052,Firmicutes
s__Bacteroides_intestinalis,0.001969445,0.245887446,Bacteroidetes
s__Clostridium_symbiosum,0.000231737,0.245021645,Firmicutes
s__Parabacteroides_johnsonii,0.00119993,0.23982684,Bacteroidetes
s__Alistipes_sp_AP11,0.0015717,0.237229437,Bacteroidetes
s__Butyrivibrio_unclassified,3.09E-05,0.234632035,Firmicutes
s__Clostridiaceae_bacterium_JC118,6.36E-05,0.23030303,Firmicutes
s__Deinococcus_unclassified,1.17E-05,0.226839827,Other
s__Streptococcus_infantis,2.43E-05,0.225974026,Firmicutes
s__Rothia_mucilaginosa,3.68E-05,0.225974026,Actinobacteria
s__Coprobacillus_unclassified,0.00023179,0.225108225,Firmicutes
s__Clostridiales_bacterium_1_7_47FAA,6.16E-05,0.221645022,Firmicutes
s__Desulfovibrio_piger,0.00031157,0.220779221,Proteobacteria
s__Actinomyces_odontolyticus,2.62E-05,0.218181818,Actinobacteria
s__Bacteroides_nordii,0.000137653,0.217316017,Bacteroidetes
s__Phascolarctobacterium_succinatutens,0.005894335,0.207792208,Firmicutes
s__Turicibacter_unclassified,4.12E-05,0.206926407,Firmicutes
s__Streptococcus_vestibularis,0.000260434,0.204329004,Firmicutes
s__Bacteroides_plebeius,0.007742297,0.204329004,Bacteroidetes
s__Clostridium_innocuum,3.24E-05,0.200865801,Firmicutes
s__Parabacteroides_goldsteinii,0.00040246,0.198268398,Bacteroidetes
s__Clostridium_scindens,1.57E-05,0.197402597,Firmicutes
s__Bacteroides_salyersiae,0.001546643,0.192207792,Bacteroidetes
s__Bacteroides_coprocola,0.005744919,0.185281385,Bacteroidetes
s__Butyrivibrio_crossotus,0.013267397,0.180952381,Firmicutes
s__Clostridium_sp_L2_50,0.005932848,0.174891775,Firmicutes
s__Blautia_hydrogenotrophica,0.000135497,0.174025974,Firmicutes
s__Subdoligranulum_sp_4_3_54A2FAA,0.001132098,0.167099567,Firmicutes
s__Coprococcus_eutactus,0.001727967,0.167099567,Firmicutes
s__Odoribacter_unclassified,4.42E-05,0.161038961,Bacteroidetes
s__Clostridium_clostridioforme,0.00026665,0.16017316,Firmicutes
s__Turicibacter_sanguinis,6.80E-05,0.148917749,Firmicutes
s__Butyricimonas_synergistica,1.72E-05,0.146320346,Bacteroidetes
s__Eubacterium_cylindroides,0.000473229,0.145454545,Firmicutes
s__Eubacterium_sp_3_1_31,0.000172405,0.129004329,Firmicutes
s__Lactobacillus_delbrueckii,0.000205418,0.12034632,Firmicutes
s__Catenibacterium_mitsuokai,0.00232275,0.116883117,Firmicutes
s__Actinomyces_graevenitzii,9.53E-06,0.114285714,Actinobacteria
s__Streptococcus_anginosus,3.77E-05,0.113419913,Firmicutes
s__Oscillibacter_sp_KLE_1745,0.000502954,0.112554113,Firmicutes
s__Clostridium_ramosum,0.00012636,0.112554113,Firmicutes
s__Megasphaera_unclassified,0.000356113,0.10995671,Firmicutes
s__Cellulophaga_unclassified,1.07E-05,0.106493506,Bacteroidetes
s__Granulicella_unclassified,6.95E-06,0.106493506,Other
s__Bifidobacterium_animalis,0.0006648,0.104761905,Actinobacteria
s__Lachnospiraceae_bacterium_5_1_57FAA,7.01E-05,0.101298701,Firmicutes
s__Clostridium_nexile,0.000818731,0.0995671,Firmicutes
s__Solobacterium_moorei,7.71E-06,0.098701299,Firmicutes
s__Streptococcus_gordonii,1.49E-05,0.096969697,Firmicutes
s__Actinobacillus_unclassified,4.64E-06,0.093506494,Proteobacteria
s__Megamonas_unclassified,0.001388124,0.090909091,Firmicutes
s__Alistipes_unclassified,0.000889551,0.090909091,Bacteroidetes
s__Pedobacter_unclassified,1.37E-05,0.089177489,Bacteroidetes
s__Acidaminococcus_unclassified,0.000646934,0.088311688,Firmicutes
s__Blautia_producta,5.94E-05,0.086580087,Firmicutes
s__Streptococcus_mutans,4.63E-05,0.085714286,Firmicutes
s__Bifidobacterium_dentium,9.01E-05,0.085714286,Actinobacteria
s__Dorea_unclassified,8.80E-05,0.084848485,Firmicutes
s__Peptostreptococcus_unclassified,1.32E-06,0.084848485,Firmicutes
s__Bifidobacterium_angulatum,0.001935159,0.083116883,Actinobacteria
s__Gemella_sanguinis,9.05E-06,0.081385281,Firmicutes
s__Porphyromonas_asaccharolytica,1.70E-05,0.07965368,Bacteroidetes
s__Bacteroides_sp_2_1_22,0.001751839,0.077056277,Bacteroidetes
s__Lactobacillus_ruminis,0.000910179,0.076190476,Firmicutes
s__Eubacterium_dolichum,4.31E-05,0.072727273,Firmicutes
s__Lactobacillus_sakei,3.35E-05,0.072727273,Firmicutes
s__Atopobium_parvulum,2.63E-06,0.071861472,Actinobacteria
s__Megamonas_hypermegale,0.000711365,0.07012987,Firmicutes
s__Mitsuokella_multacida,0.000277795,0.069264069,Firmicutes
s__Granulicatella_adiacens,3.50E-06,0.068398268,Firmicutes
s__Prevotella_bivia,9.59E-06,0.068398268,Bacteroidetes
s__Acidaminococcus_intestini,9.06E-05,0.066666667,Firmicutes
s__Lachnospiraceae_bacterium_9_1_43BFAA,1.50E-05,0.065800866,Firmicutes
s__Lactobacillus_casei_paracasei,4.11E-05,0.064935065,Firmicutes
s__Prevotella_stercorea,0.001615859,0.064935065,Bacteroidetes
s__Bacteroides_coprophilus,0.00158612,0.064069264,Bacteroidetes
s__Parvimonas_unclassified,5.46E-06,0.062337662,Firmicutes
s__Coriobacteriaceae_bacterium_phI,0.000176077,0.062337662,Actinobacteria
s__Dialister_succinatiphilus,0.00157924,0.062337662,Firmicutes
s__Slackia_piriformis,0.000122173,0.05974026,Actinobacteria
s__Alistipes_sp_HGB5,0.001075221,0.05974026,Bacteroidetes
s__Bacteroides_pectinophilus,0.000689147,0.05974026,Firmicutes
s__Erysipelotrichaceae_bacterium_5_2_54FAA,4.74E-05,0.05974026,Firmicutes
s__Ruminococcus_champanellensis,0.000401856,0.058874459,Firmicutes
s__Enterococcus_faecium,0.000178011,0.058874459,Firmicutes
s__Rothia_unclassified,1.40E-06,0.057142857,Actinobacteria
s__Leuconostoc_mesenteroides,2.48E-05,0.057142857,Firmicutes
s__Prevotella_disiens,1.45E-05,0.056277056,Bacteroidetes
s__Burkholderia_unclassified,6.11E-06,0.056277056,Proteobacteria
s__Megamonas_rupellensis,0.000269499,0.055411255,Firmicutes
s__Alloprevotella_unclassified,2.23E-06,0.052813853,Bacteroidetes
s__Erysipelotrichaceae_bacterium_3_1_53,2.04E-05,0.052813853,Firmicutes
s__Actinomyces_viscosus,2.28E-06,0.052813853,Actinobacteria
s__Comamonas_unclassified,2.21E-06,0.051948052,Proteobacteria
s__Butyricicoccus_pullicaecorum,1.01E-05,0.051948052,Firmicutes
s__Eubacterium_limosum,4.52E-05,0.051082251,Firmicutes
s__Klebsiella_pneumoniae,0.000185022,0.049350649,Proteobacteria
s__Collinsella_intestinalis,0.000122813,0.047619048,Actinobacteria
s__Enterobacter_cloacae,2.72E-05,0.047619048,Proteobacteria
s__Haemophilus_pittmaniae,1.85E-05,0.045887446,Proteobacteria
s__Megasphaera_elsdenii,0.000151424,0.043290043,Firmicutes
s__Lactococcus_raffinolactis,1.90E-05,0.043290043,Firmicutes
s__Gemella_unclassified,4.66E-07,0.041558442,Firmicutes
s__Megamonas_funiformis,0.000121918,0.041558442,Firmicutes
s__Acidaminococcus_fermentans,0.000270334,0.041558442,Firmicutes
s__Haemophilus_sputorum,6.16E-06,0.040692641,Proteobacteria
s__Eubacterium_brachy,2.13E-06,0.040692641,Firmicutes
s__Pseudomonas_unclassified,4.63E-06,0.040692641,Proteobacteria
s__Porphyromonas_bennonis,8.04E-06,0.040692641,Bacteroidetes
s__Clostridium_celatum,1.08E-05,0.040692641,Firmicutes
s__Oscillibacter_sp_KLE_1728,0.000157462,0.038961039,Firmicutes
s__Lactobacillus_acidophilus,8.71E-05,0.038961039,Firmicutes
s__Collinsella_tanakaei,0.00019007,0.038961039,Actinobacteria
s__Enterococcus_faecalis,0.00018524,0.038095238,Firmicutes
s__Scardovia_unclassified,1.65E-06,0.037229437,Actinobacteria
s__Alloscardovia_omnicolens,8.28E-06,0.037229437,Actinobacteria
s__Lachnospiraceae_bacterium_6_1_63FAA,8.81E-06,0.037229437,Firmicutes
s__Collinsella_unclassified,1.54E-05,0.037229437,Actinobacteria
s__Anaerostipes_unclassified,4.82E-05,0.036363636,Firmicutes
s__Clostridium_spiroforme,0.000122338,0.036363636,Firmicutes
s__Bifidobacterium_breve,5.10E-05,0.036363636,Actinobacteria
s__Lachnospiraceae_bacterium_4_1_37FAA,2.11E-06,0.036363636,Firmicutes
s__Propionibacterium_freudenreichii,2.61E-05,0.036363636,Actinobacteria
s__Bartonella_unclassified,2.95E-06,0.036363636,Proteobacteria
s__Bacteroides_oleiciplenus,1.81E-05,0.035497835,Bacteroidetes
s__Chlorobium_phaeobacteroides,3.81E-06,0.035497835,Other
s__Klebsiella_unclassified,3.77E-06,0.034632035,Proteobacteria
s__Campylobacter_hominis,7.59E-06,0.034632035,Proteobacteria
s__Rothia_dentocariosa,2.20E-06,0.033766234,Actinobacteria
s__Eubacterium_infirmum,1.16E-06,0.033766234,Firmicutes
s__Clostridium_methylpentosum,3.25E-06,0.033766234,Firmicutes
s__Lactobacillus_gasseri,1.11E-05,0.033766234,Firmicutes
s__Prevotella_timonensis,1.08E-05,0.032900433,Bacteroidetes
s__Actinomyces_turicensis,5.94E-06,0.032900433,Actinobacteria
s__Scardovia_wiggsiae,1.46E-06,0.032034632,Actinobacteria
s__Staphylococcus_aureus,3.56E-06,0.031168831,Firmicutes
s__Propionibacterium_acnes,2.32E-06,0.03030303,Actinobacteria
s__Citrobacter_unclassified,8.28E-06,0.03030303,Proteobacteria
s__Actinomyces_oris,2.26E-06,0.03030303,Actinobacteria
s__Peptostreptococcus_stomatis,4.99E-06,0.029437229,Firmicutes
s__Prevotella_buccalis,2.90E-06,0.029437229,Bacteroidetes
s__Clostridium_perfringens,3.13E-05,0.029437229,Firmicutes
s__Lactobacillus_rhamnosus,6.89E-06,0.029437229,Firmicutes
s__Citrobacter_freundii,4.07E-05,0.028571429,Proteobacteria
s__Haemophilus_haemolyticus,3.98E-07,0.027705628,Proteobacteria
s__Pantoea_unclassified,3.17E-06,0.027705628,Proteobacteria
s__candidate_division_TM7_single_cell_isolate_TM7c,1.11E-06,0.026839827,Other
s__Parvimonas_micra,2.61E-06,0.026839827,Firmicutes
s__Odoribacter_laneus,0.000375902,0.026839827,Bacteroidetes
s__Actinomyces_massiliensis,1.45E-06,0.025974026,Actinobacteria
s__Leuconostoc_unclassified,1.85E-06,0.025974026,Firmicutes
s__Brachyspira_unclassified,5.53E-06,0.025974026,Other
s__Ruminococcus_sp_JC304,0.000134548,0.025974026,Firmicutes
s__Lactobacillus_plantarum,1.23E-05,0.025108225,Firmicutes
s__Lactobacillus_mucosae,7.11E-05,0.025108225,Firmicutes
s__Megasphaera_micronuciformis,8.45E-06,0.024242424,Firmicutes
s__Streptococcus_intermedius,7.51E-07,0.024242424,Firmicutes
s__Streptococcus_tigurinus,1.59E-06,0.024242424,Firmicutes
s__Gardnerella_vaginalis,2.79E-06,0.024242424,Actinobacteria
s__Porphyromonas_somerae,6.50E-06,0.024242424,Bacteroidetes
s__Lactobacillus_fermentum,3.50E-05,0.024242424,Firmicutes
s__Lactobacillus_curvatus,6.62E-06,0.024242424,Firmicutes
s__Gemella_haemolysans,1.25E-06,0.023376623,Firmicutes
s__Streptococcus_cristatus,8.60E-07,0.023376623,Firmicutes
s__Streptococcus_constellatus,2.42E-06,0.023376623,Firmicutes
s__Brevibacterium_unclassified,1.86E-06,0.023376623,Actinobacteria
s__Rhodospirillum_unclassified,1.62E-06,0.023376623,Proteobacteria
s__Anaerofustis_stercorihominis,3.34E-06,0.022510823,Firmicutes
s__Finegoldia_magna,1.72E-06,0.021645022,Firmicutes
s__Fusobacterium_nucleatum,8.07E-07,0.020779221,Other
s__Leuconostoc_pseudomesenteroides,3.87E-06,0.020779221,Firmicutes
s__Enterococcus_durans,3.38E-05,0.020779221,Firmicutes
s__Porphyromonas_uenonis,1.31E-06,0.01991342,Bacteroidetes
s__Parabacteroides_sp_D13,0.000300701,0.01991342,Bacteroidetes
s__Coprobacillus_sp_29_1,0.000143163,0.01991342,Firmicutes
s__Clostridium_sp_ATCC_BAA_442,9.43E-05,0.01991342,Firmicutes
s__Aggregatibacter_unclassified,3.90E-07,0.01991342,Proteobacteria
s__Lactobacillus_salivarius,3.39E-05,0.01991342,Firmicutes
s__Actinomyces_naeslundii,7.43E-07,0.01991342,Actinobacteria
s__Corynebacterium_durum,1.11E-06,0.019047619,Actinobacteria
s__Eggerthella_sp_1_3_56FAA,8.34E-05,0.018181818,Actinobacteria
s__Neisseria_unclassified,3.02E-07,0.017316017,Proteobacteria
s__Anaerostipes_caccae,1.63E-05,0.017316017,Firmicutes
s__Clostridium_sp_KLE_1755,9.72E-05,0.016450216,Firmicutes
s__Caulobacter_unclassified,4.94E-07,0.016450216,Proteobacteria
s__Weissella_unclassified,1.51E-06,0.016450216,Firmicutes
s__Klebsiella_oxytoca,0.000146677,0.016450216,Proteobacteria
s__Gemella_morbillorum,1.98E-06,0.015584416,Firmicutes
s__Anaerococcus_vaginalis,1.28E-06,0.015584416,Firmicutes
s__Bacteroides_sp_1_1_6,0.000298322,0.015584416,Bacteroidetes
s__Bacteroides_salanitronis,0.000141509,0.015584416,Bacteroidetes
s__Spiribacter_unclassified,9.71E-07,0.015584416,Proteobacteria
s__Fusobacterium_periodonticum,6.29E-07,0.014718615,Other
s__Holdemania_sp_AP2,1.06E-05,0.014718615,Firmicutes
s__Halomonas_unclassified,1.15E-06,0.014718615,Proteobacteria
s__Bacteroides_sp_4_3_47FAA,0.001036626,0.013852814,Bacteroidetes
s__Varibaculum_cambriense,1.05E-06,0.013852814,Actinobacteria
s__Coprobacillus_sp_D6,4.25E-05,0.013852814,Firmicutes
s__Chlamydophila_unclassified,2.61E-07,0.013852814,Other
s__Succinatimonas_hippei,3.06E-05,0.013852814,Proteobacteria
s__Sphingobacterium_unclassified,3.53E-07,0.013852814,Bacteroidetes
s__Atopobium_rimae,1.12E-06,0.013852814,Actinobacteria
s__Leuconostoc_carnosum,3.14E-06,0.013852814,Firmicutes
s__Oribacterium_sinus,4.09E-07,0.012987013,Firmicutes
s__Haemophilus_paraphrohaemolyticus,2.04E-06,0.012987013,Proteobacteria
s__Bacteroides_fluxus,6.99E-05,0.012987013,Bacteroidetes
s__Clostridium_hylemonae,3.87E-06,0.012987013,Firmicutes
s__Enterobacteriaceae_bacterium_9_2_54FAA,6.96E-06,0.012987013,Proteobacteria
s__Bacteroides_gallinarum,3.46E-05,0.012121212,Bacteroidetes
s__Campylobacter_concisus,4.01E-07,0.012121212,Proteobacteria
s__Peptoniphilus_lacrimalis,7.31E-07,0.012121212,Firmicutes
s__Collinsella_stercoris,1.68E-05,0.012121212,Actinobacteria
s__Blautia_hansenii,7.16E-07,0.012121212,Firmicutes
s__Leuconostoc_lactis,7.73E-06,0.012121212,Firmicutes
s__Streptococcus_sobrinus,3.61E-06,0.012121212,Firmicutes
s__Enterorhabdus_caecimuris,1.55E-06,0.012121212,Actinobacteria
s__Bacteroides_sp_1_1_30,0.000292267,0.011255411,Bacteroidetes
s__Weissella_confusa,4.44E-05,0.011255411,Firmicutes
s__Pediococcus_pentosaceus,9.05E-06,0.011255411,Firmicutes
s__Weissella_cibaria,4.39E-06,0.011255411,Firmicutes
s__Terriglobus_unclassified,4.56E-07,0.011255411,Other
s__Bacteroides_barnesiae,0.00055896,0.011255411,Bacteroidetes
s__Shigella_sonnei,1.70E-06,0.011255411,Proteobacteria
s__Leuconostoc_citreum,5.10E-06,0.011255411,Firmicutes
s__Leuconostoc_gelidum,9.45E-07,0.011255411,Firmicutes
s__Granulicatella_elegans,3.69E-07,0.01038961,Firmicutes
s__Prevotella_buccae,0.000283517,0.01038961,Bacteroidetes
s__Sphaerochaeta_unclassified,2.19E-07,0.01038961,Other
s__Bulleidia_extructa,1.85E-07,0.01038961,Firmicutes
s__Streptococcus_lutetiensis,2.42E-05,0.01038961,Firmicutes
s__Cupriavidus_unclassified,2.85E-07,0.00952381,Proteobacteria
s__Chromobacterium_unclassified,7.63E-07,0.00952381,Proteobacteria
s__Bacteroides_sp_3_2_5,0.000199079,0.00952381,Bacteroidetes
s__Haemophilus_parahaemolyticus,7.14E-06,0.00952381,Proteobacteria
s__Bacteroides_sp_3_1_19,0.000199377,0.00952381,Bacteroidetes
s__Peptostreptococcus_anaerobius,1.09E-06,0.00952381,Firmicutes
s__Aggregatibacter_segnis,7.81E-07,0.008658009,Proteobacteria
s__Atopobium_vaginae,6.30E-07,0.008658009,Actinobacteria
s__Lactobacillus_crispatus,1.18E-06,0.008658009,Firmicutes
s__Fusobacterium_gonidiaformans,3.10E-06,0.008658009,Other
s__Pediococcus_acidilactici,4.58E-07,0.008658009,Firmicutes
s__Pyramidobacter_piscolens,4.21E-06,0.008658009,Other
s__Hafnia_alvei,2.86E-06,0.008658009,Proteobacteria
s__Parascardovia_denticolens,5.92E-07,0.008658009,Actinobacteria
s__Abiotrophia_defectiva,1.50E-06,0.008658009,Firmicutes
s__Peptoniphilus_harei,2.74E-06,0.007792208,Firmicutes
s__Enterobacter_aerogenes,8.85E-07,0.007792208,Proteobacteria
s__Hymenobacter_unclassified,4.95E-08,0.007792208,Bacteroidetes
s__Lactobacillus_sanfranciscensis,8.98E-07,0.007792208,Firmicutes
s__Olsenella_uli,2.05E-07,0.007792208,Actinobacteria
s__Actinomyces_johnsonii,1.94E-07,0.007792208,Actinobacteria
s__Slackia_unclassified,7.63E-08,0.007792208,Actinobacteria
s__Anaerococcus_obesiensis,5.90E-07,0.006926407,Firmicutes
s__Synergistes_sp_3_1_syn1,4.12E-05,0.006926407,Other
s__Streptococcus_agalactiae,9.55E-07,0.006926407,Firmicutes
s__Marvinbryantia_formatexigens,7.43E-07,0.006926407,Firmicutes
s__Acidaminococcus_sp_D21,9.71E-05,0.006926407,Firmicutes
s__Shigella_flexneri,1.02E-06,0.006926407,Proteobacteria
s__Lactobacillus_reuteri,5.46E-05,0.006926407,Firmicutes
s__Pediococcus_unclassified,9.33E-07,0.006926407,Firmicutes
s__Eubacterium_saphenum,2.33E-07,0.006926407,Firmicutes
s__Pseudomonas_fragi,2.61E-06,0.006926407,Proteobacteria
s__Bifidobacterium_pseudolongum,2.16E-05,0.006926407,Actinobacteria
s__Lactobacillus_iners,7.61E-07,0.006060606,Firmicutes
s__Campylobacter_ureolyticus,1.55E-07,0.006060606,Proteobacteria
s__Dysgonomonas_unclassified,7.28E-08,0.006060606,Bacteroidetes
s__Fusobacterium_ulcerans,1.73E-05,0.006060606,Other
s__Thiomonas_unclassified,2.82E-07,0.006060606,Proteobacteria
s__Tropheryma_whipplei,3.55E-07,0.006060606,Actinobacteria
s__Selenomonas_bovis,1.56E-05,0.006060606,Firmicutes
s__Lactococcus_garvieae,8.42E-07,0.006060606,Firmicutes
s__Lactobacillus_vaginalis,8.24E-06,0.006060606,Firmicutes
s__Propionibacterium_propionicum,2.74E-07,0.006060606,Actinobacteria
s__Enterococcus_avium,1.56E-06,0.006060606,Firmicutes
s__Fusobacterium_mortiferum,6.55E-05,0.005194805,Other
s__Streptococcus_infantarius,6.94E-07,0.005194805,Firmicutes
s__Enterococcus_gallinarum,1.85E-06,0.005194805,Firmicutes
s__Pseudomonas_aeruginosa,3.36E-06,0.005194805,Proteobacteria
s__Lachnospiraceae_bacterium_2_1_46FAA,4.26E-06,0.005194805,Firmicutes
s__Bordetella_unclassified,1.70E-07,0.005194805,Proteobacteria
s__Desulfovibrio_termitidis,1.59E-07,0.005194805,Proteobacteria
s__Pusillimonas_unclassified,2.21E-07,0.005194805,Proteobacteria
s__Riemerella_unclassified,1.97E-07,0.005194805,Bacteroidetes
s__Citrobacter_koseri,2.39E-05,0.005194805,Proteobacteria
s__Clostridium_glycolicum,1.55E-07,0.005194805,Firmicutes
s__Streptococcus_oligofermentans,4.54E-08,0.005194805,Firmicutes
s__Enterococcus_malodoratus,1.67E-06,0.005194805,Firmicutes
s__Corynebacterium_amycolatum,9.95E-07,0.005194805,Actinobacteria
s__Streptococcus_macedonicus,4.67E-07,0.005194805,Firmicutes
s__Capnocytophaga_unclassified,1.25E-07,0.004329004,Bacteroidetes
s__Oscillibacter_valericigenes,2.33E-08,0.004329004,Firmicutes
s__Yersinia_unclassified,4.72E-08,0.004329004,Proteobacteria
s__Clostridium_sp_D5,1.65E-05,0.004329004,Firmicutes
s__Pseudomonas_alcaligenes,1.31E-07,0.004329004,Proteobacteria
s__Spiroplasma_unclassified,8.61E-08,0.004329004,Other
s__Raoultella_ornithinolytica,2.06E-07,0.004329004,Proteobacteria
s__Borrelia_recurrentis,1.61E-07,0.004329004,Other
s__Corynebacterium_casei,8.81E-07,0.004329004,Actinobacteria
s__Aggregatibacter_aphrophilus,6.22E-08,0.004329004,Proteobacteria
s__Clostridium_butyricum,6.23E-07,0.004329004,Firmicutes
s__Lactobacillus_amylovorus,6.83E-05,0.004329004,Firmicutes
s__Enterococcus_casseliflavus,7.35E-07,0.004329004,Firmicutes
s__Campylobacter_jejuni,3.61E-05,0.004329004,Proteobacteria
s__Staphylococcus_equorum,7.98E-07,0.004329004,Firmicutes
s__Streptococcus_pasteurianus,3.43E-05,0.004329004,Firmicutes
s__Prevotella_melaninogenica,9.65E-08,0.003463203,Bacteroidetes
s__Leptotrichia_unclassified,2.94E-08,0.003463203,Other
s__Lautropia_mirabilis,1.30E-07,0.003463203,Proteobacteria
s__candidate_division_TM7_single_cell_isolate_TM7b,5.89E-08,0.003463203,Other
s__Mobiluncus_curtisii,1.38E-07,0.003463203,Actinobacteria
s__Peptoniphilus_duerdenii,9.58E-08,0.003463203,Firmicutes
s__Anaerococcus_prevotii,3.00E-07,0.003463203,Firmicutes
s__Prevotella_oralis,3.21E-07,0.003463203,Bacteroidetes
s__Mobiluncus_unclassified,1.14E-08,0.003463203,Actinobacteria
s__Clostridium_difficile,3.09E-06,0.003463203,Firmicutes
s__Veillonella_ratti,1.64E-05,0.003463203,Firmicutes
s__Saccharomonospora_unclassified,1.95E-07,0.003463203,Actinobacteria
s__Candidatus_Phytoplasma_unclassified,2.01E-07,0.003463203,Other
s__Rhodopirellula_unclassified,6.75E-08,0.003463203,Other
s__Providencia_unclassified,8.22E-07,0.003463203,Proteobacteria
s__Kingella_unclassified,4.09E-08,0.003463203,Proteobacteria
s__Buchnera_aphidicola,1.27E-07,0.003463203,Proteobacteria
s__Prevotella_multisaccharivorax,3.70E-07,0.003463203,Bacteroidetes
s__Haemophilus_influenzae,1.27E-07,0.003463203,Proteobacteria
s__Enterococcus_hirae,4.54E-07,0.003463203,Firmicutes
s__Lactobacillus_versmoldensis,3.72E-07,0.003463203,Firmicutes
s__Stomatobaculum_longum,1.11E-08,0.003463203,Firmicutes
s__Atopobium_minutum,1.11E-07,0.003463203,Actinobacteria
s__Corynebacterium_variabile,1.40E-06,0.003463203,Actinobacteria
s__Streptococcus_dysgalactiae,1.67E-07,0.003463203,Firmicutes
s__Lactobacillus_jensenii,9.58E-08,0.002597403,Firmicutes
s__Facklamia_unclassified,1.08E-08,0.002597403,Firmicutes
s__Alistipes_sp_JC136,1.93E-05,0.002597403,Bacteroidetes
s__Clostridium_hiranonis,8.28E-06,0.002597403,Firmicutes
s__Bacteroides_sp_2_2_4,4.20E-05,0.002597403,Bacteroidetes
s__Enterococcus_dispar,4.10E-07,0.002597403,Firmicutes
s__Parabacteroides_sp_20_3,8.35E-05,0.002597403,Bacteroidetes
s__Borrelia_duttonii,1.89E-07,0.002597403,Other
s__Microbulbifer_unclassified,1.05E-07,0.002597403,Proteobacteria
s__Candidatus_Zinderia_insecticola,4.81E-08,0.002597403,Proteobacteria
s__Alicyclobacillus_unclassified,8.19E-08,0.002597403,Firmicutes
s__Veillonella_sp_3_1_44,5.07E-06,0.002597403,Firmicutes
s__Prevotella_histicola,1.59E-07,0.002597403,Bacteroidetes
s__Streptococcus_peroris,9.10E-08,0.002597403,Firmicutes
s__Ruminococcus_sp,2.41E-05,0.002597403,Firmicutes
s__Acinetobacter_johnsonii,1.20E-07,0.002597403,Proteobacteria
s__Clostridium_sp_SS2_1,2.52E-05,0.002597403,Firmicutes
s__Brachyspira_pilosicoli,1.03E-05,0.002597403,Other
s__Neisseria_flavescens,2.48E-07,0.002597403,Proteobacteria
s__Lactobacillus_oris,3.66E-08,0.002597403,Firmicutes
s__Enterococcus_gilvus,7.20E-07,0.002597403,Firmicutes
s__Pediococcus_lolii,7.76E-07,0.002597403,Firmicutes
s__Helicobacter_pullorum,6.85E-06,0.002597403,Proteobacteria
s__Leuconostoc_gasicomitatum,5.63E-08,0.002597403,Firmicutes
s__Clostridium_sordellii,1.05E-06,0.002597403,Firmicutes
s__Bilophila_sp_4_1_30,2.63E-06,0.002597403,Proteobacteria
s__Leptotrichia_wadei,5.98E-08,0.001731602,Other
s__Neisseria_subflava,9.57E-09,0.001731602,Proteobacteria
s__Dialister_micraerophilus,7.47E-08,0.001731602,Firmicutes
s__Mycoplasma_hominis,4.35E-07,0.001731602,Other
s__Anaerococcus_lactolyticus,1.35E-07,0.001731602,Firmicutes
s__Prevotella_bergensis,3.06E-08,0.001731602,Bacteroidetes
s__Polaromonas_unclassified,5.16E-07,0.001731602,Proteobacteria
s__Cryptobacterium_curtum,8.88E-08,0.001731602,Actinobacteria
s__Bacteroidetes_bacterium_oral_taxon_272,4.16E-08,0.001731602,Bacteroidetes
s__Prevotella_amnii,4.91E-08,0.001731602,Bacteroidetes
s__Helicobacter_pylori,1.59E-07,0.001731602,Proteobacteria
s__Afipia_unclassified,2.16E-07,0.001731602,Proteobacteria
s__Prevotella_intermedia,2.09E-07,0.001731602,Bacteroidetes
s__Cellvibrio_unclassified,3.68E-08,0.001731602,Proteobacteria
s__Gillisia_unclassified,2.30E-08,0.001731602,Bacteroidetes
s__Acinetobacter_lwoffii,1.04E-05,0.001731602,Proteobacteria
s__Rhodopseudomonas_unclassified,8.68E-08,0.001731602,Proteobacteria
s__Proteus_penneri,2.95E-07,0.001731602,Proteobacteria
s__Proteus_unclassified,8.32E-08,0.001731602,Proteobacteria
s__Lactobacillus_fructivorans,2.12E-07,0.001731602,Firmicutes
s__Brevibacterium_linens,6.20E-07,0.001731602,Actinobacteria
s__Clostridiales_bacterium_BV3C26,1.12E-07,0.001731602,Firmicutes
s__Bacteriovorax_unclassified,3.21E-08,0.001731602,Proteobacteria
s__Gracilibacillus_unclassified,6.92E-08,0.001731602,Firmicutes
s__Bacteroides_sp_1_1_14,3.23E-05,0.001731602,Bacteroidetes
s__Streptococcus_gallolyticus,2.09E-07,0.001731602,Firmicutes
s__Fusobacterium_necrophorum,9.74E-08,0.001731602,Other
s__Massilia_unclassified,7.03E-08,0.001731602,Proteobacteria
s__Lactobacillus_johnsonii,4.43E-05,0.001731602,Firmicutes
s__Anaeroglobus_geminatus,4.01E-07,0.001731602,Firmicutes
s__Brachybacterium_unclassified,8.65E-09,0.001731602,Actinobacteria
s__Staphylococcus_saprophyticus,1.27E-07,0.001731602,Firmicutes
s__Prevotella_oris,3.90E-07,0.001731602,Bacteroidetes
s__Sutterella_parvirubra,2.27E-05,0.001731602,Proteobacteria
s__Clostridium_sp_HGF2,4.56E-06,0.001731602,Firmicutes
s__Blautia_sp_KLE_1732,9.53E-06,0.001731602,Firmicutes
s__Anaerostipes_sp_3_2_56FAA,8.24E-06,0.001731602,Firmicutes
s__Carnobacterium_maltaromaticum,1.38E-07,0.001731602,Firmicutes
s__Scardovia_inopinata,1.22E-07,0.001731602,Actinobacteria
s__Streptococcus_massiliensis,1.61E-07,0.001731602,Firmicutes
s__Actinobaculum_unclassified,8.91E-08,0.001731602,Actinobacteria
s__Eggerthella_sp_HGA1,5.35E-06,0.001731602,Actinobacteria
s__Lactobacillus_brevis,8.00E-08,0.001731602,Firmicutes
s__Morganella_morganii,9.90E-08,0.001731602,Proteobacteria
s__Alloprevotella_tannerae,1.10E-07,0.001731602,Bacteroidetes
s__Porphyromonas_endodontalis,2.46E-07,0.001731602,Bacteroidetes
s__Prevotella_nigrescens,4.46E-08,0.001731602,Bacteroidetes
s__Limnohabitans_unclassified,6.41E-08,0.001731602,Proteobacteria
s__Corynebacterium_tuberculostearicum,4.73E-08,0.001731602,Actinobacteria
s__Campylobacter_curvus,2.80E-09,0.000865801,Proteobacteria
s__Aerococcus_viridans,9.07E-09,0.000865801,Firmicutes
s__Pseudomonas_putida,2.15E-08,0.000865801,Proteobacteria
s__Sphingomonas_echinoides,3.99E-08,0.000865801,Proteobacteria
s__Streptococcus_sp_BS35b,9.23E-07,0.000865801,Firmicutes
s__Staphylococcus_warneri,1.92E-09,0.000865801,Firmicutes
s__Anaerococcus_hydrogenalis,1.23E-08,0.000865801,Firmicutes
s__Afipia_broomeae,2.10E-07,0.000865801,Proteobacteria
s__Lactobacillus_gastricus,3.66E-08,0.000865801,Firmicutes
s__Marinobacter_unclassified,2.84E-08,0.000865801,Proteobacteria
s__Wolbachia_pipientis,1.41E-07,0.000865801,Proteobacteria
s__Thermodesulfobacterium_unclassified,1.02E-08,0.000865801,Other
s__Enterobacter_cancerogenus,3.61E-07,0.000865801,Proteobacteria
s__Enterobacter_hormaechei,6.81E-08,0.000865801,Proteobacteria
s__Alicycliphilus_unclassified,3.02E-08,0.000865801,Proteobacteria
s__Candidatus_Liberibacter_unclassified,1.03E-08,0.000865801,Proteobacteria
s__Hippea_unclassified,4.01E-09,0.000865801,Proteobacteria
s__Pasteurella_unclassified,2.20E-08,0.000865801,Proteobacteria
s__Acetobacter_unclassified,4.25E-08,0.000865801,Proteobacteria
s__Salinicoccus_unclassified,1.03E-08,0.000865801,Firmicutes
s__Clostridium_sp_M62_1,8.19E-06,0.000865801,Firmicutes
s__Clostridium_saccharolyticum,1.04E-05,0.000865801,Firmicutes
s__Veillonella_sp_6_1_27,5.51E-06,0.000865801,Firmicutes
s__Mucispirillum_schaedleri,1.29E-07,0.000865801,Other
s__Leuconostoc_kimchii,4.68E-08,0.000865801,Firmicutes
s__Arcanobacterium_haemolyticum,4.45E-08,0.000865801,Actinobacteria
s__Enterobacter_asburiae,8.06E-08,0.000865801,Proteobacteria
s__Lactobacillus_animalis,2.21E-08,0.000865801,Firmicutes
s__Prevotella_pleuritidis,8.40E-09,0.000865801,Bacteroidetes
s__Collinsella_sp_GD3,6.33E-07,0.000865801,Actinobacteria
s__Olsenella_profusa,3.73E-08,0.000865801,Actinobacteria
s__Azospirillum_unclassified,1.59E-08,0.000865801,Proteobacteria
s__Thermus_unclassified,9.74E-10,0.000865801,Other
s__Bacteroides_sp_D20,1.30E-05,0.000865801,Bacteroidetes
s__Catonella_morbi,2.06E-08,0.000865801,Firmicutes
s__Leifsonia_unclassified,1.85E-08,0.000865801,Actinobacteria
s__Thioalkalivibrio_unclassified,1.84E-08,0.000865801,Proteobacteria
s__Labrenzia_unclassified,1.63E-08,0.000865801,Proteobacteria
s__Treponema_succinifaciens,0.0001205,0.000865801,Other
s__Helicobacter_cinaedi,3.21E-08,0.000865801,Proteobacteria
s__Campylobacter_showae,6.56E-08,0.000865801,Proteobacteria
s__Bacteroides_sp_3_1_40A,1.22E-05,0.000865801,Bacteroidetes
s__Corynebacterium_propinquum,8.63E-08,0.000865801,Actinobacteria
s__Escherichia_albertii,3.54E-07,0.000865801,Proteobacteria
s__Porphyromonas_gingivalis,5.64E-08,0.000865801,Bacteroidetes
s__Neisseria_meningitidis,6.55E-09,0.000865801,Proteobacteria
s__Microcoleus_unclassified,9.21E-09,0.000865801,Other
s__Providencia_alcalifaciens,2.32E-07,0.000865801,Proteobacteria
s__Lachnospiraceae_bacterium_oral_taxon_082,4.84E-09,0.000865801,Firmicutes
s__Prevotella_ruminicola,2.87E-09,0.000865801,Bacteroidetes
s__Megasphaera_sp_BV3C16_1,9.40E-06,0.000865801,Firmicutes
s__Actinomyces_sp_HPA0247,7.03E-07,0.000865801,Actinobacteria
s__Lactobacillus_antri,4.03E-08,0.000865801,Firmicutes
s__Serratia_marcescens,1.45E-08,0.000865801,Proteobacteria
s__Prevotella_salivae,1.67E-09,0.000865801,Bacteroidetes
s__Shuttleworthia_satelles,6.90E-09,0.000865801,Firmicutes
s__Bavariicoccus_seileri,1.04E-07,0.000865801,Firmicutes
s__Leucobacter_unclassified,1.19E-08,0.000865801,Actinobacteria
s__Enterococcus_italicus,1.96E-09,0.000865801,Firmicutes
s__Brevibacterium_massiliense,4.91E-09,0.000865801,Actinobacteria
s__Bacillus_subtilis,1.52E-07,0.000865801,Firmicutes
s__Actinomyces_sp_ICM47,5.86E-07,0.000865801,Actinobacteria
s__Arcobacter_butzleri,4.59E-08,0.000865801,Proteobacteria
s__Enterococcus_sp_7L76,2.12E-06,0.000865801,Firmicutes
s__Streptococcus_parauberis,2.79E-08,0.000865801,Firmicutes
s__Streptococcus_pseudopneumoniae,1.33E-08,0.000865801,Firmicutes
s__Acinetobacter_unclassified,1.50E-08,0.000865801,Proteobacteria
s__Streptococcus_sp_GMD5S,1.28E-06,0.000865801,Firmicutes
s__Lactobacillus_farciminis,1.44E-08,0.000865801,Firmicutes
s__Actinobaculum_massiliense,1.24E-07,0.000865801,Actinobacteria
s__Variovorax_unclassified,1.18E-08,0.000865801,Proteobacteria
s__Fusobacterium_varium,2.21E-07,0.000865801,Other
s__Plesiomonas_shigelloides,2.88E-09,0.000865801,Proteobacteria
s__Enterococcus_raffinosus,1.12E-06,0.000865801,Firmicutes
s__Dysgonomonas_mossii,1.08E-07,0.000865801,Bacteroidetes
s__Lactobacillus_helveticus,5.14E-08,0.000865801,Firmicutes
s__Tannerella_forsythia,5.57E-08,0.000865801,Bacteroidetes
s__Asticcacaulis_unclassified,9.24E-09,0.000865801,Proteobacteria
s__Eikenella_corrodens,6.93E-09,0.000865801,Proteobacteria
s__Janthinobacterium_unclassified,1.98E-09,0.000865801,Proteobacteria
s__Lactobacillus_sp_7_1_47FAA,4.08E-08,0.000865801,Firmicutes
s__Alcaligenes_unclassified,6.65E-09,0.000865801,Proteobacteria
s__Jonquetella_unclassified,1.43E-08,0.000865801,Other
s__Corynebacterium_jeikeium,5.14E-09,0.000865801,Actinobacteria
s__Helicobacter_canis,8.99E-07,0.000865801,Proteobacteria
s__Helicobacter_bilis,2.24E-07,0.000865801,Proteobacteria
s__Pseudoramibacter_alactolyticus,3.18E-07,0.000865801,Firmicutes
s__Allobaculum_stercoricanis,2.50E-07,0.000865801,Firmicutes
s__Escherichia_sp_TW09276,1.14E-05,0.000865801,Proteobacteria
s__Dysgonomonas_gadei,6.58E-07,0.000865801,Bacteroidetes
s__Brucella_ovis,4.72E-08,0.000865801,Proteobacteria
s__Corynebacterium_aurimucosum,5.72E-08,0.000865801,Actinobacteria
s__Staphylococcus_caprae_capitis,2.60E-08,0.000865801,Firmicutes
s__Lactobacillus_otakiensis,2.62E-07,0.000865801,Firmicutes
s__Acidaminococcus_sp_HPA0509,7.66E-06,0.000865801,Firmicutes
